user_id,age,stress_level,sleep_quality,interest_OSP,interest_Ambrotose,recency_days,frequency_visits,Cluster,pca_1,pca_2
1,58,2,8,1,10,269,8,0,0.32802987218869323,-2.399771646664557
2,71,10,8,8,10,171,23,1,2.99805579281174,0.47604124533906766
3,48,3,4,5,6,94,16,0,-0.13837293223427544,-0.4428540729776927
4,34,3,7,2,1,149,13,3,-2.1418701909325786,-0.08263216716291509
5,62,5,10,2,6,112,3,0,0.22338104246371773,-1.1159646605410891
6,27,5,3,3,5,55,48,3,-1.1710074926202592,0.19259896374999483
7,40,2,6,4,1,337,9,3,-1.749461316292984,0.021926546876819615
8,58,10,10,10,9,116,14,1,2.6503943427995087,1.380909829922205
9,38,6,10,1,6,143,13,3,-0.677586808950498,-0.5319715289418192
10,42,5,9,4,6,201,7,3,-0.1994644699865791,-0.1512964390225031
11,30,6,1,4,5,180,15,3,-0.7856881642835918,0.5618391851974519
12,30,1,5,1,1,202,7,3,-2.7362314055893524,-0.5971399258277756
13,43,5,4,3,2,364,38,3,-1.2025105262259599,0.2047733034655712
14,72,9,8,8,10,53,34,1,2.8992605238301525,0.24762086541173312
15,55,10,1,6,10,180,41,1,2.0304245108135066,0.4862407925062857
16,59,2,9,1,9,313,22,0,0.1652806947432034,-2.291657036734737
17,43,1,6,5,3,308,24,3,-1.1991115261757122,-0.31452092389584296
18,22,10,4,7,3,137,49,2,-0.44958438906204556,2.5119446242787227
19,41,9,9,5,6,182,37,2,0.4642400014783929,0.9121636310561138
20,72,10,5,9,9,1,44,1,2.9570214073234933,0.8423548134501577
21,21,9,5,9,4,44,1,2,-0.08595627079451595,2.635530834621644
22,43,9,5,10,4,227,10,2,0.8772448633584284,2.305225648051769
23,63,6,1,4,8,331,43,0,1.0466328564354075,-0.6966002726455498
24,49,8,1,10,4,98,16,2,0.9241368807383359,1.983085155119941
25,57,1,8,4,6,208,46,0,-0.20174435845467983,-1.334766746728057
26,21,10,8,8,5,265,8,2,0.12699735616103713,2.447102516233767
27,40,4,6,1,5,288,49,3,-1.1208918166680233,-0.8146579731323456
28,52,1,4,1,7,271,25,0,-0.6895974200503563,-1.994091548896657
29,31,8,2,7,2,140,12,2,-0.6183941706531563,2.0360763681208667
30,41,1,2,4,6,237,25,3,-0.8424201056196268,-0.8815591363363714
31,63,3,9,5,10,72,17,0,1.2908274670808089,-1.428786102774198
32,44,4,5,2,1,155,26,3,-1.65945439570594,-0.11584614710534279
33,68,8,4,7,8,190,46,1,2.004511592168327,0.23564798414171795
34,46,6,10,1,3,268,48,3,-1.0108663937122722,-0.30950224028330486
35,61,10,1,10,6,321,14,1,2.050778875904638,1.8031067972290948
36,47,7,7,3,6,107,41,0,0.07666121244016723,-0.0806010243048135
37,35,8,3,7,3,232,36,2,-0.2542737395669705,1.7853150764278387
38,34,2,6,3,6,42,23,3,-1.0847115460524364,-0.7597323239779427
39,66,10,5,7,9,190,43,1,2.419974616246252,0.5427977127116017
40,70,8,5,6,10,139,6,1,2.3452624388603005,-0.3316960261809824
41,63,3,5,4,10,103,47,0,1.0948673854179654,-1.6217496359438481
42,74,7,1,5,6,171,5,1,1.32582574733825,-0.26273622195081653
43,71,3,1,3,8,351,43,0,0.7742195438948967,-1.7337804836133173
44,22,7,3,3,2,273,25,3,-1.7088783880903085,1.1498522283858459
45,56,2,10,3,7,221,18,0,-0.03463337895518578,-1.4897730718874203
46,70,10,4,8,8,213,13,1,2.5071875119129827,0.8169997292636046
47,26,6,5,1,2,341,43,3,-1.9971012495370049,0.378157805548504
48,40,3,2,1,6,56,14,3,-1.0847798918437215,-1.1267296786101428
49,28,3,8,2,1,342,28,3,-2.351961447176533,0.060818795322996395
50,58,9,2,10,6,102,18,1,1.8150163231648135,1.6676022495835503
51,37,7,9,1,3,192,28,3,-1.2138476758867578,0.12921308858696764
52,23,5,2,3,2,310,27,3,-1.952311573509543,0.7264334617596895
53,44,10,9,10,6,200,32,2,1.5034703994816332,2.167419978952506
54,33,7,7,3,1,233,47,3,-1.4781657194676063,0.9808279029157019
55,69,9,8,7,6,227,9,1,1.7963698286853356,0.663988727675788
56,28,1,2,2,4,139,40,3,-2.05258445019998,-0.7211700750438367
57,45,7,7,3,4,344,32,3,-0.4136464098486492,0.2530073122159742
58,72,6,6,1,6,305,20,0,0.5283980784539126,-1.3584510299060721
59,21,10,4,8,3,149,28,2,-0.3273089384948614,2.7627934350562433
60,39,9,7,8,5,115,33,2,0.6404751920948548,1.7972879576978538
61,47,1,4,5,5,63,4,3,-0.6542412538275776,-0.682355534367847
62,66,4,2,1,6,104,46,0,0.0011890056950633863,-1.5805335564384462
63,26,9,10,7,1,339,34,2,-0.8001933818389535,2.4418681866031577
64,63,4,7,4,6,359,48,0,0.41441866346261597,-0.8687592647381462
65,27,10,8,5,3,156,3,2,-0.5473266866150357,1.9018265949116895
66,66,3,2,4,9,273,26,0,0.9681195356053933,-1.5315524437123396
67,54,9,5,7,6,6,8,1,1.2200980514028479,1.0674654885860555
68,33,2,1,4,1,147,6,3,-2.051798526058999,0.23957164322350655
69,36,4,7,5,2,184,16,3,-1.2482848278907344,0.6051926513262845
70,55,6,8,5,8,28,24,0,0.9779390317949782,-0.3259595030387716
71,69,2,6,4,6,38,48,0,0.3537954092576767,-1.418515856874606
72,59,8,5,5,7,119,39,1,1.1584676786741592,0.1452757537412245
73,23,8,6,10,5,293,30,2,0.2285203693915476,2.457733103982923
74,21,1,2,1,6,244,45,3,-2.0501721409069393,-1.0529515713215383
75,25,3,1,1,1,68,13,3,-2.6854494712075545,-0.0318787581611144
76,73,10,7,8,6,214,5,1,2.227531804478062,0.9998069558947317
77,61,9,7,5,7,218,25,1,1.3855102288107248,0.2815845821094723
78,23,5,10,3,3,177,20,3,-1.6694744589023933,0.5196614335897366
79,73,6,10,5,6,299,18,0,1.2374324567897448,-0.5140113248121021
80,48,4,2,3,5,164,47,3,-0.547843697957864,-0.5330182900921009
81,37,10,2,5,1,58,18,2,-0.6545744412687431,1.9811507189664639
82,45,2,1,3,5,269,2,3,-0.9375248283485356,-0.8553667963100144
83,63,8,10,10,9,308,10,1,2.5624897635649106,0.8482663747613535
84,53,6,8,1,9,58,45,0,0.47805713697063623,-1.3192859586948238
85,29,5,8,4,5,288,47,3,-0.8926427772584972,0.3268729385890713
86,55,9,1,7,8,105,12,1,1.6367210425960048,0.7917424296731381
87,33,1,8,4,1,228,47,3,-2.122191152791045,-0.0206621684869348
88,50,5,9,4,1,247,13,3,-0.9499277045514514,0.3542460559526776
89,67,6,4,2,9,188,47,0,1.1116397363279071,-1.4148329119424032
90,34,5,1,1,5,83,11,3,-1.2513097849667318,-0.4191276270624451
91,27,6,1,5,1,186,19,3,-1.5709039858083225,1.429369538812427
92,33,6,3,1,1,252,35,3,-1.96832049316494,0.35913030924531747
93,42,7,5,5,3,355,39,2,-0.43281064228508964,0.9378179582843147
94,59,4,5,1,7,238,26,0,-0.018311089463801354,-1.5696604882617122
95,40,8,9,10,4,360,46,2,0.6693242942582044,2.145257816026867
96,35,7,10,4,4,184,14,3,-0.5925868518275972,0.7068009245326836
97,64,9,2,7,7,284,45,1,1.7664677550933883,0.6977165187864729
98,37,7,2,3,1,210,44,3,-1.3783210805621704,0.9205297831397216
99,66,3,6,2,8,304,24,0,0.4789754819365582,-1.8737960444107364
100,72,3,9,5,8,296,41,0,1.202701693463443,-1.3731209823760773
101,43,8,1,9,4,97,1,2,0.545927526471138,1.909109300056845
102,45,5,9,5,3,208,43,3,-0.5567165491526057,0.4230919208217746
103,44,4,9,4,6,137,22,3,-0.26169775272530776,-0.4049843840518985
104,64,8,9,9,7,184,23,1,2.013750001981428,0.8886451984269516
105,60,6,5,3,6,76,19,0,0.398048455946489,-0.5959233292039714
106,48,2,9,4,6,287,18,0,-0.38616431820276503,-0.9123602741106893
107,34,4,4,1,2,142,12,3,-1.9846005312562256,-0.22213391679207706
108,64,4,2,5,10,237,28,0,1.3977820800557144,-1.1938198561658173
109,20,6,6,5,4,25,28,3,-1.1546591087376885,1.1408605444195894
110,44,6,4,1,3,290,33,3,-1.139674333477191,-0.2100405413204688
111,26,1,6,5,5,67,19,3,-1.4034816425012198,-0.16804552347747795
112,28,8,3,5,3,250,28,2,-0.8278825168870709,1.511025540791343
113,43,6,6,4,6,118,49,3,-0.05538721215887321,0.051052095080067715
114,20,3,2,3,1,73,37,3,-2.5413038675885637,0.5374671305736566
115,63,9,2,5,6,282,26,1,1.2036390703288935,0.4133581956959466
116,27,2,9,2,1,360,35,3,-2.514600027430639,-0.1252208825266694
117,43,8,7,5,3,10,34,2,-0.24233007839138337,1.0993943517546232
118,30,10,3,9,5,211,35,2,0.5684893630908121,2.4860478166229436
119,70,3,1,4,6,323,40,0,0.47931134465898245,-1.1998584665191303
120,36,5,8,4,5,152,16,3,-0.6367088735584832,0.14999998287464655
121,27,6,6,1,3,5,38,3,-1.7426667771793964,0.20319920916165765
122,54,10,7,7,10,195,13,1,2.208383928659891,0.6881630345250914
123,54,6,9,2,8,283,23,0,0.47414539633518954,-0.9855901030895438
124,52,4,5,4,8,113,22,0,0.4108591421678633,-0.8575803986792405
125,24,3,1,5,4,271,16,3,-1.4608862355055936,0.4711039801677871
126,61,4,10,5,8,163,28,0,0.9451577612296393,-0.9001793795545888
127,58,1,7,3,8,105,48,0,0.08388317956803429,-1.8605343356957915
128,60,4,5,4,7,181,35,0,0.4947632072091875,-0.9181843163373926
129,47,1,3,1,1,44,45,3,-2.133238961887147,-1.0103796763099022
130,26,1,9,5,4,282,46,3,-1.5842314837631684,-0.05097220469850217
131,28,10,1,7,4,175,8,2,-0.04946263034294173,2.2432659148873824
132,27,6,1,4,4,162,44,3,-1.1039659479137183,0.7791784836619672
133,31,5,1,4,2,351,22,3,-1.5102589079698268,0.7580286147451167
134,53,4,3,4,8,340,21,0,0.4288598059843223,-0.8665391075283962
135,52,3,6,4,6,140,26,0,-0.1324011016464818,-0.7858144353143006
136,67,1,10,4,10,132,40,0,1.0168041260065084,-2.1698976666349017
137,74,6,3,5,8,87,21,0,1.6262134643433015,-0.7652710993456621
138,42,2,8,3,2,176,25,3,-1.6080216332893595,-0.41203528841400017
139,43,8,10,10,3,183,41,2,0.5796990892984327,2.2028372957525657
140,56,10,2,8,8,129,1,1,1.976758382086554,1.1870544969453591
141,54,5,9,2,7,246,6,0,0.1301963162091935,-1.0472063147564845
142,63,7,3,2,9,89,23,0,1.0914683853677174,-1.102455408582434
143,59,10,5,7,9,66,23,1,2.164040712546238,0.7196706684260263
144,41,2,10,1,1,158,43,3,-2.1522889956274542,-0.7127024677574314
145,46,8,8,5,1,149,43,2,-0.540547108252704,1.2985104346386551
146,54,2,2,1,9,340,23,0,-0.08249386496349295,-2.108238214339266
147,20,4,6,2,6,116,32,3,-1.4847022798136138,-0.22526202857400526
148,54,1,5,1,10,214,30,0,0.01858268835320937,-2.4773909167022308
149,56,5,10,5,8,294,13,0,0.8977050852397905,-0.5706887392190113
150,66,9,9,8,10,253,43,1,2.689169267586198,0.3910718278976446
151,33,1,5,2,3,143,18,3,-2.0505243602476333,-0.7304345817751642
152,22,9,2,7,4,250,23,2,-0.3949111418113435,2.1835640625480206
153,20,8,5,7,1,302,15,2,-1.2013258605865558,2.43109290302251
154,24,6,4,4,6,25,33,3,-0.7686262731995973,0.5474446882721253
155,45,7,7,2,1,277,21,3,-1.1982593213633397,0.4520358760155138
156,74,3,6,1,10,70,39,0,1.0298175848724864,-2.5845910172193487
157,33,1,2,1,1,113,23,3,-2.654387430500375,-0.6484793367546005
158,58,5,5,5,9,363,27,0,1.1330175765610575,-0.7219883319492035
159,46,2,7,5,6,112,45,3,-0.3190121763048403,-0.6199350419782029
160,28,5,7,1,5,364,44,3,-1.414997735144686,-0.316448805208796
161,34,8,5,7,6,303,18,2,0.35350107132121783,1.3696639758019946
162,34,9,9,10,3,91,24,2,0.3767178071239473,2.6415526246228387
163,45,2,4,3,1,18,47,3,-1.744050144315132,-0.313683668056039
164,61,3,3,5,7,149,40,0,0.5362440526112426,-0.9047145943363624
165,32,3,4,4,1,227,42,3,-1.9251612734378107,0.44352873877148385
166,70,1,5,1,8,214,7,0,0.18639081843585753,-2.598598752018535
167,51,8,6,9,10,360,48,1,2.136377671889306,0.816977019658098
168,58,6,3,5,8,151,20,0,1.0412216844575553,-0.3609900577126912
169,68,8,2,10,7,192,27,1,2.253870755270507,1.0702371805793363
170,71,9,4,5,9,40,6,1,2.1404717574028145,-0.2297009908484435
171,51,5,5,1,6,242,27,0,-0.38404154908377663,-1.0228305494616194
172,23,3,4,3,5,138,9,3,-1.5786892868273896,-0.12079083361876312
173,49,5,3,4,4,345,45,3,-0.41639818336886375,0.003830380338453418
174,56,5,8,4,8,180,31,0,0.7203063260033472,-0.7799611286415665
175,42,5,10,1,6,200,21,3,-0.6666961192035085,-0.836194604175336
176,58,3,4,2,10,203,26,0,0.585101919370383,-1.9384198736580127
177,64,10,2,9,9,61,40,1,2.6366835337410195,1.0689586186460005
178,34,4,2,5,5,192,48,3,-0.7420366317378059,0.2718901126876688
179,62,9,1,5,7,5,45,1,1.3663882477743836,0.3052435857661264
180,48,10,4,10,2,237,13,2,0.7689477387808726,2.6732682718098584
181,55,9,10,6,6,181,49,1,1.1442259069016643,0.7758445371762721
182,32,2,9,3,1,311,23,3,-2.1729526594063002,-0.025977462361512653
183,51,8,7,10,7,37,20,1,1.6787202952079021,1.4590136466821053
184,26,8,10,10,6,56,37,2,0.5839207978744745,2.2077760930125976
185,70,7,7,1,10,237,28,0,1.4342793220120378,-1.679063925636462
186,41,8,7,5,2,358,17,2,-0.5240458757786507,1.2914660851170776
187,47,3,8,5,1,349,28,3,-1.1807713981320798,0.25747879541022406
188,21,6,1,1,2,197,41,3,-2.217033825604101,0.5371133435646172
189,61,1,10,1,7,73,2,0,-0.3048555765854234,-2.2704262035739187
190,64,7,10,1,10,59,25,0,1.242749388194483,-1.5519218194034552
191,72,1,8,5,9,240,41,0,1.131298346702898,-1.9128087870585067
192,25,9,4,7,6,2,6,2,0.15051978914673236,1.8083793046722674
193,47,1,4,3,1,360,11,3,-1.8062834270538606,-0.5673716130854343
194,47,1,4,1,5,188,38,3,-1.2895910010677505,-1.5846805170696874
195,63,7,6,5,7,307,6,1,1.178639029634349,-0.1671017496187447
196,63,2,7,3,7,30,45,0,0.19345854110522798,-1.6421827432224876
197,39,5,6,3,4,267,11,3,-0.9130134989678982,0.006461501304242575
198,49,8,1,7,1,108,14,2,-0.17815090439644093,1.7309512275685606
199,30,8,8,9,1,332,2,2,-0.4901891408982778,2.605116458973466
200,74,3,10,5,8,90,40,0,1.2851063271623613,-1.4318105407066513
201,47,7,7,1,1,205,3,3,-1.2839727856876646,0.17591950013593238
202,44,3,6,4,4,220,35,3,-0.8420806413924532,-0.30060070818114876
203,58,6,6,3,8,94,33,0,0.7513887944770691,-0.836615833442969
204,52,6,5,4,8,103,24,0,0.6815736526167573,-0.4512747690286923
205,20,3,6,5,2,223,19,3,-1.9779145242141276,0.8144753062604337
206,46,7,9,5,2,186,18,2,-0.45803187736240164,0.9456665885285953
207,71,3,10,5,6,184,49,0,0.7582367186306856,-1.0729346390838028
208,32,8,9,8,3,162,24,2,-0.14943829420630428,2.0377724486507653
209,60,10,10,9,7,247,45,1,2.1474972286720853,1.38786666035929
210,22,4,8,1,4,31,35,3,-1.969038071514637,-0.2346140543898252
211,58,1,10,5,7,52,1,0,0.22080821192617187,-1.2922985255658954
212,25,4,9,2,6,345,36,3,-1.274050364959718,-0.37606313846366607
213,27,7,10,4,6,76,25,3,-0.46789909196737234,0.6258682390325027
214,46,4,8,2,2,278,45,3,-1.3498966146790723,-0.33238116484715485
215,28,6,8,5,3,40,49,3,-1.0521937212699644,1.0639477705085325
216,56,9,1,5,8,101,43,1,1.3556081552187775,0.31531237322015726
217,52,1,10,3,10,111,34,0,0.30953689555357783,-2.0164654357794514
218,70,5,5,5,9,321,25,0,1.5717614114753673,-1.0251991131739315
219,61,7,4,1,8,249,16,0,0.6601958123836068,-1.144119349021892
220,63,1,2,4,6,191,34,0,-0.038056408276725434,-1.4374455685817062
221,43,4,8,2,6,182,29,3,-0.6252152738014534,-0.8227248821743057
222,34,6,3,2,4,335,19,3,-1.1471455954073904,0.1348341803437173
223,73,2,4,2,9,209,23,0,0.7895826328872743,-2.379049561855864
224,51,10,7,8,8,22,19,1,1.8403517569382588,1.2726201818234002
225,51,5,10,1,9,166,25,0,0.2881372316868712,-1.4882124995688815
226,43,10,9,8,3,99,16,2,0.5234580649140402,2.1661348621786463
227,60,1,2,2,7,208,9,0,-0.2568254157238401,-1.9543419677847778
228,71,6,3,5,10,8,1,0,1.9337111554178223,-0.9725416103561465
229,68,6,4,3,7,190,42,0,0.8898555095777112,-0.9314460250523375
230,68,4,10,4,8,175,19,0,1.0422542281196103,-1.3026335809444733
231,71,8,1,8,8,273,33,1,2.2451930040673473,0.40988981889035336
232,31,4,7,1,2,17,34,3,-2.066444506345203,-0.17079450586525247
233,58,8,2,5,6,90,16,1,0.8854718838901506,0.3365432063809758
234,21,8,5,8,1,141,44,2,-1.0059264375336534,2.6314065835959095
235,22,5,1,2,6,145,40,3,-1.3226243581694492,-0.03187220332059007
236,68,4,3,3,6,166,18,0,0.40126851301406813,-1.1880606234181
237,56,2,2,1,8,337,34,0,-0.2179617173793238,-2.0172367413850543
238,68,3,1,2,9,78,25,0,0.7142879732578252,-2.0250956371409288
239,36,3,7,5,3,262,45,3,-1.1750502582136322,0.2605032333426774
240,68,4,5,1,9,163,6,0,0.7279304365250293,-2.080141780496925
241,21,4,1,2,2,14,21,3,-2.3289108992429517,0.3563889595895292
242,21,10,6,6,5,239,6,2,-0.2092388398854494,2.012248881135752
243,47,5,5,3,4,72,32,3,-0.6297982702382251,-0.1875245913857903
244,73,4,3,3,6,143,41,0,0.5840784442283639,-1.3143984489284033
245,42,10,7,9,3,310,48,2,0.6271721930548241,2.433292529209072
246,56,8,10,6,7,283,43,1,1.2540224628216257,0.4058875540906042
247,51,6,9,2,6,269,39,0,-0.0527242121964861,-0.6267142014666953
248,52,6,9,3,7,241,31,0,0.35126703575796536,-0.5679371240516291
249,20,8,9,10,5,245,42,2,0.14667639430257048,2.5090725149097475
250,38,7,2,1,3,163,10,3,-1.2422503181362992,0.16102652037007434
251,21,10,3,5,6,60,30,2,-0.18732643543354374,1.6695943166813163
252,72,10,7,8,8,6,18,1,2.608153468038301,0.7420013146801259
253,63,8,5,7,10,197,24,1,2.2481659719703297,0.07075817520890237
254,45,2,2,4,3,58,9,3,-1.1865903801283906,-0.3548667724443403
255,51,9,3,10,9,305,31,1,2.194138555382647,1.4117109676965227
256,25,1,10,3,2,217,15,3,-2.346371332216012,-0.20194835275714795
257,51,8,6,9,6,26,4,1,1.3020103722831098,1.383123432291431
258,74,4,7,2,10,303,40,0,1.3332929381201766,-2.164011384845067
259,23,4,9,5,4,5,9,3,-1.2878456768184048,0.6342889350835019
260,74,5,1,3,6,20,45,0,0.7374363632692696,-1.1202043429522848
261,30,8,7,10,1,198,9,2,-0.3406323653014347,2.8388521327753784
262,36,5,8,2,5,59,26,3,-0.9543837471785694,-0.3011625084762737
263,57,8,3,5,9,242,4,1,1.483966033565139,-0.07095346611841571
264,43,10,4,5,1,146,17,2,-0.4166412013851879,1.813236472101195
265,24,1,10,4,1,273,16,3,-2.4326877065503774,0.19043706117870624
266,71,10,6,7,9,249,15,1,2.612065208673748,0.4083054590748457
267,53,9,10,7,8,14,35,1,1.6471230210290875,0.7688877067391873
268,25,6,7,1,1,13,5,3,-2.223693738255013,0.5286531175559929
269,41,3,4,5,2,44,5,3,-1.2286741355404858,0.3001652953700647
270,30,8,8,6,4,19,20,2,-0.34092597662375995,1.5037629124720862
271,67,9,5,9,6,63,15,1,2.013078746180103,1.1901496336101869
272,35,6,1,5,5,239,18,3,-0.44404079625925275,0.6610826053626087
273,52,7,4,1,7,337,47,0,0.12254611129632549,-0.7751746599450129
274,28,1,3,1,6,100,2,3,-1.784957575993725,-1.2379789551624156
275,25,5,9,1,6,163,29,3,-1.2975305465453142,-0.39849156931385205
276,35,5,8,4,1,122,13,3,-1.5076381594075388,0.7414139606100401
277,48,10,1,9,2,44,4,2,0.5822683183312293,2.472150310513756
278,22,4,6,3,2,360,42,3,-2.087108170124049,0.5159304995306663
279,39,6,9,2,3,317,45,3,-1.1172435218154433,0.10110638923303246
280,55,7,7,4,7,145,10,0,0.7365863640946327,-0.19869690260417194
281,38,9,4,7,3,327,31,2,5.013559925404791e-05,1.9045107678204782
282,45,1,1,5,4,363,41,3,-0.9637990348544453,-0.46582051662603513
283,22,6,2,1,3,50,8,3,-1.9625993532464927,0.36215474717777096
284,38,7,5,5,5,65,3,2,-0.161874937453428,0.7558150123758909
285,39,3,5,2,1,355,48,3,-1.9776215821446828,-0.19266113642031346
286,51,8,8,10,9,288,46,1,2.1051846062242006,1.1677860122389863
287,26,5,6,4,4,164,9,3,-1.2294818833150238,0.5605210933064914
288,71,9,8,8,10,141,30,1,2.8626985375872933,0.27288843051379374
289,60,5,2,2,8,314,11,0,0.4931954300754969,-1.2832673116420144
290,52,9,3,7,6,128,35,1,1.1284127564907294,1.1343094750430815
291,59,10,6,7,8,239,37,1,1.9647295488578886,0.853052843457907
292,58,4,10,4,7,324,42,0,0.4680425407894696,-0.9084213267655336
293,37,9,3,8,3,296,13,2,0.11304492495323783,2.163514006724451
294,59,5,6,1,9,187,36,0,0.543510476776944,-1.657735307879557
295,20,10,6,7,1,208,13,2,-0.9213306889244617,2.8292441045466052
296,30,9,2,6,3,220,12,2,-0.46984451358006263,1.8973788992144083
297,47,3,7,3,1,190,37,3,-1.5077269329653662,-0.18552926781424373
298,44,4,2,1,1,346,10,3,-1.8461338161555836,-0.3169641084014455
299,69,9,6,10,7,284,9,1,2.4629126415906133,1.21550471779674
300,42,10,1,8,2,352,7,2,0.20405896406403137,2.39817445545066
301,50,6,3,4,4,237,2,3,-0.24447894190155764,0.18171563006166683
302,49,2,2,1,5,194,23,3,-1.0996710957839853,-1.41575397619563
303,61,7,7,2,6,287,39,0,0.42969158303015215,-0.659928181409123
304,54,2,4,4,10,259,40,0,0.6211715927945859,-1.5893399367241237
305,26,2,8,5,4,246,39,3,-1.4581548897519214,0.16033503825322437
306,35,1,6,4,1,136,21,3,-2.067628502731727,-0.05488844243815116
307,45,3,10,5,1,280,23,3,-1.235334048191398,0.29170506936144047
308,67,6,4,1,10,271,29,0,1.161394124419413,-1.7819507607761966
309,71,8,5,5,8,171,14,1,1.8058033384900183,-0.2994716306418368
310,68,9,9,8,7,159,26,1,2.1365177653672687,0.7651465071685228
311,21,7,7,3,3,201,5,3,-1.499725904578818,1.0009654778237635
312,20,4,10,5,5,45,31,3,-1.1796591494322333,0.5604005991048983
313,67,6,9,2,7,264,25,0,0.7408593925908094,-1.1725318462579992
314,31,5,7,4,3,71,31,3,-1.2459831157890773,0.5675654428280688
315,24,8,1,6,6,364,20,2,-0.20807887277021728,1.429376093652951
316,56,1,8,4,7,103,44,0,-0.02971451979598979,-1.4510357847843296
317,51,1,4,3,6,125,17,0,-0.6170763575746783,-1.376124889285343
318,74,6,3,3,8,313,45,0,1.3085385907232152,-1.2164335906965822
319,28,10,7,7,2,286,2,2,-0.4109623128668393,2.477412552445334
320,60,2,3,3,7,230,25,0,0.04664993752385014,-1.5337623354104957
321,54,5,8,1,7,146,13,0,-0.03792178181404978,-1.264633132305492
322,38,1,6,1,6,197,39,3,-1.3914957299255333,-1.5151178905623797
323,67,7,5,5,8,221,28,1,1.5241981382941345,-0.4015541850588681
324,35,1,4,2,4,60,42,3,-1.778089224073566,-0.9143518870111662
325,22,4,8,4,3,98,6,3,-1.7011175859860563,0.5836662857948883
326,39,9,8,8,5,171,3,2,0.649755853308055,1.7891335295714013
327,43,1,1,1,6,173,35,3,-1.2550891047772381,-1.6006835754404205
328,73,4,9,4,8,151,18,0,1.2157834981207059,-1.4208169783283242
329,52,6,5,1,7,350,11,0,-0.0035304827149214217,-0.9864819028967394
330,43,6,4,5,6,122,20,3,0.08488890222476976,0.29294219700843277
331,71,8,6,6,6,108,5,1,1.5567377867101633,0.20102839322383723
332,30,1,6,5,3,4,19,3,-1.6744173473328812,0.013957422430945844
333,68,7,2,3,8,93,22,0,1.215243267277307,-0.8535209571324918
334,27,1,8,3,6,6,19,3,-1.4574413825504973,-0.8023210393416971
335,55,7,7,3,7,288,47,0,0.5777489272845896,-0.42427814827963206
336,57,3,1,5,6,106,16,0,0.16284296031185663,-0.6457988745168814
337,59,8,5,8,6,146,24,1,1.4263881642027398,0.9635560939259379
338,39,3,6,2,5,271,41,3,-1.1339736213252862,-0.7669619771800988
339,54,1,4,3,8,96,4,0,-0.0902067490430026,-1.7350007909081913
340,67,8,2,10,6,229,15,1,2.008716944126099,1.2370413488397303
341,44,3,4,3,1,202,25,3,-1.645254875333544,-0.0852632881287043
342,54,2,1,3,9,212,44,0,0.22590034744339327,-1.6489212948618932
343,44,1,7,2,4,6,35,3,-1.4211893642482334,-1.1662232573090696
344,48,3,2,3,1,112,14,3,-1.5175682527885075,-0.17002469228404204
345,37,2,2,2,6,323,49,3,-1.1709856689867026,-1.0284985524537746
346,65,2,9,3,10,106,19,0,0.9109193107219937,-2.1336365391545136
347,37,6,5,5,1,139,38,3,-1.1681614785269305,1.1440761752860105
348,21,1,2,5,2,299,36,3,-2.249189693272963,0.41551982401363485
349,73,2,9,2,8,96,7,0,0.6273941140517255,-2.2782850993297927
350,54,6,9,5,10,337,30,0,1.3678413565684173,-0.5919195723798298
351,35,3,1,2,2,297,19,3,-1.9524003470673703,-0.2005097666645942
352,60,4,3,5,10,214,49,0,1.2608147962974778,-1.1009040238840273
353,55,1,4,5,7,291,25,0,0.05543828591839387,-1.167569261500999
354,52,8,7,6,8,22,16,1,1.2885243591121378,0.38988449571987116
355,23,7,10,4,3,193,47,3,-1.2399225116434562,1.151548308915745
356,52,7,4,5,9,150,40,1,1.1750795083395964,-0.15592288355983888
357,33,3,2,3,6,247,8,3,-1.023038921923649,-0.4986942315447981
358,40,10,7,10,2,267,18,2,0.5042938324776,2.8509455082469866
359,67,10,6,8,9,251,28,1,2.6246547005123544,0.7349569651585486
360,39,3,3,2,2,3,16,3,-1.7875910796695336,-0.31788888332574183
361,27,2,6,4,4,316,19,3,-1.5989916627455056,-0.07420491627139142
362,26,1,6,1,3,76,42,3,-2.4560150395444906,-0.7872972998626521
363,22,7,5,1,5,87,17,3,-1.3822164645793473,0.25777107130702126
364,36,7,4,5,4,270,45,2,-0.4528713960538955,0.9560411738647978
365,52,2,10,5,7,225,13,0,0.1367935496934639,-0.9375403201282576
366,67,7,1,3,7,18,7,0,0.9608087949196987,-0.6785623607456454
367,31,8,10,10,6,113,27,2,0.7667307290887703,2.0814382675022944
368,70,1,6,4,8,251,10,0,0.6721837900791872,-1.930009443118607
369,41,9,2,5,2,233,34,2,-0.43509192662020413,1.535391040574614
370,74,7,3,5,6,329,36,1,1.3443870697646503,-0.2790450782037215
371,41,3,8,4,5,279,25,3,-0.7246134527930812,-0.3826434722862049
372,65,8,10,9,9,202,6,1,2.4767762992405857,0.572149998881772
373,49,7,6,5,6,83,24,1,0.45817939733277185,0.32818076496843795
374,57,8,3,5,10,125,18,1,1.692557858466688,-0.2124900692767489
375,57,6,7,1,8,175,23,0,0.4064325958273236,-1.2706651878182809
376,64,9,4,9,9,69,6,1,2.519887600942973,0.8494969475678216
377,70,5,9,2,9,47,29,0,1.132371745898038,-1.7345605627061218
378,73,3,5,5,6,256,25,0,0.7849573850504034,-1.0826976286556618
379,27,3,3,5,3,215,17,3,-1.541230779252165,0.5205290317670334
380,46,1,2,3,6,30,46,3,-0.8184476112153743,-1.2334782075221349
381,46,8,2,7,6,281,24,1,0.7644029225959273,1.0909164789566241
382,53,2,3,3,7,237,11,0,-0.209283966176164,-1.356889379696071
383,40,3,2,2,1,248,26,3,-1.968901579541424,-0.19346541714301668
384,49,8,4,6,1,25,34,2,-0.3091463575668838,1.480906697513743
385,52,8,2,9,10,74,28,1,2.135817013279365,0.8243271670618472
386,47,4,10,3,5,206,3,3,-0.5101603944951225,-0.57298615000166
387,66,4,9,2,10,314,11,0,1.0593583706037037,-1.9781797202814864
388,52,5,2,1,6,94,38,0,-0.3753215464805178,-1.0236348301843228
389,24,6,9,5,2,127,14,3,-1.39775282992975,1.298400205948656
390,67,5,6,4,9,25,26,0,1.3125186771499469,-1.183132091669662
391,38,7,1,5,5,334,48,2,-0.19899758230622835,0.7884327248817008
392,23,2,4,4,2,355,21,3,-2.1809845799464407,0.32624740670642255
393,54,7,1,3,8,116,39,0,0.694094798664079,-0.4916206175771898
394,68,10,6,8,10,48,30,1,2.8698085116567627,0.5681527968981545
395,36,7,4,3,4,226,8,3,-0.7705462696739819,0.5048786825138776
396,63,1,3,1,8,266,20,0,-0.08810440769055669,-2.4054169400512055
397,47,7,3,4,3,99,48,3,-0.42739947030723724,0.6022077433514561
398,49,5,9,5,4,11,32,3,-0.20187677927962003,0.1804850572551987
399,48,3,6,3,5,85,22,3,-0.6460783083295106,-0.7687888174231848
400,65,3,9,5,6,214,7,0,0.5295841399603306,-0.9131748203449866
401,72,4,5,2,9,173,9,0,1.033015818306509,-1.9556307952297074
402,25,2,2,3,4,209,45,3,-1.8680757168940676,-0.21663331923692042
403,54,2,8,4,9,64,1,0,0.44970241274583717,-1.4804210460716003
404,60,1,5,3,8,258,29,0,0.1384458296273524,-1.894760609647008
405,56,5,2,5,7,332,8,0,0.6148679706326406,-0.3639167110490583
406,43,4,4,1,1,121,4,3,-1.8641344799720425,-0.3080053995522898
407,48,10,9,7,5,298,35,2,0.9646142091213911,1.5311425846762166
408,68,2,4,4,10,54,3,0,1.133039400194614,-1.9430858481529731
409,65,3,4,2,7,331,45,0,0.2152603483657497,-1.6906830198974376
410,72,7,2,1,9,272,40,0,1.2524081635302065,-1.5472903120499877
411,50,7,6,2,1,241,7,3,-1.0247300513622442,0.33385247863166295
412,54,4,2,3,10,243,27,0,0.7144873440070364,-1.3923066964961308
413,52,5,7,5,10,18,1,0,1.140798806431852,-0.7282284007480777
414,71,5,3,5,9,187,27,0,1.5897620752918262,-1.0341578220230874
415,40,6,3,4,6,346,16,3,-0.19291515452705102,0.15131807476560707
416,51,9,5,9,7,144,38,1,1.6366787911959058,1.4528940720848245
417,42,2,3,1,1,262,7,3,-2.1806916378769956,-0.6808890359743247
418,52,5,2,5,7,364,44,0,0.4686200256612041,-0.26284645064081563
419,22,3,10,4,2,239,23,3,-2.0265053436856526,0.5057412178750424
420,37,4,9,3,1,304,41,3,-1.7194282177431106,0.2539903417787321
421,44,10,2,7,1,298,11,2,-0.0809656639486426,2.2554402546029593
422,61,6,2,5,10,76,42,0,1.5588106317760306,-0.7117115312090873
423,50,8,8,6,5,188,33,2,0.5989055731349723,0.8568750072725396
424,73,1,9,3,6,333,36,0,0.23369064583422347,-1.97278346216294
425,22,10,7,10,6,246,37,2,0.6805453797123315,2.7396152674507457
426,59,8,3,9,8,130,41,1,1.9838479283894808,0.9223729895376365
427,65,7,9,4,10,315,17,0,1.7465430236542716,-0.8922912193526832
428,43,1,3,5,3,283,35,3,-1.2269535098153126,-0.29005763951648555
429,69,2,5,3,6,79,48,0,0.1856773112344334,-1.6359426744236134
430,51,3,9,4,10,72,5,0,0.6932461953564558,-1.35115656722493
431,66,1,3,5,7,263,48,0,0.4483394733766444,-1.4373580494972134
432,41,9,7,5,1,191,32,2,-0.5972804454557529,1.636155503100685
433,42,8,1,8,4,63,3,2,0.3505281034182356,1.7087956194834455
434,21,2,4,1,3,12,47,3,-2.5220290379607393,-0.44149780327416954
435,46,9,4,10,6,141,35,1,1.394833810676904,1.9545041745553735
436,61,7,7,2,6,254,14,0,0.42969158303015215,-0.659928181409123
437,21,9,8,8,6,43,48,2,0.20023192583813934,2.10241309825016
438,45,6,1,1,1,17,31,3,-1.5481379806770306,0.07222838427349444
439,36,6,5,3,5,63,31,3,-0.6880310387836797,0.1520348364038179
440,59,4,7,3,10,253,17,0,0.9437005812873325,-1.5594166626386965
441,52,10,4,6,10,292,24,1,1.9485805357245296,0.5375802034331102
442,28,10,4,8,6,8,23,2,0.5544004399097999,2.1613106698668187
443,62,2,4,4,9,325,18,0,0.70507565783591,-1.649943854382276
444,73,7,6,4,10,90,14,0,2.0111969299575447,-1.069968455789811
445,67,5,7,2,6,208,15,0,0.3783489900384131,-1.217839201672035
446,58,6,2,4,10,292,15,0,1.29028723623741,-0.8614900815783654
447,48,2,5,3,2,284,6,3,-1.4164916994718049,-0.5391773946470068
448,61,5,4,1,10,118,27,0,0.8066649517378112,-1.8334981849891065
449,74,10,3,10,9,349,15,1,3.1704214941928544,1.0337097851744013
450,45,4,7,3,2,175,36,3,-1.2369018253250883,-0.0733779259431816
451,54,9,6,7,6,76,8,1,1.229378712616048,1.059311060459603
452,69,6,7,1,6,101,15,0,0.4279927809385351,-1.2908027627263423
453,44,2,5,3,6,151,3,3,-0.7283723448370453,-1.0042535468720968
454,43,1,6,2,3,270,47,3,-1.6756238366058416,-0.9912646609222232
455,32,5,5,1,2,71,13,3,-1.9130865873042968,0.023399600110865944
456,26,9,7,7,3,180,41,2,-0.41085171567545553,2.1832582646658487
457,55,6,2,5,7,124,34,0,0.7136632396142285,-0.1354963311217236
458,64,10,5,10,7,293,24,1,2.4061793043875648,1.5531497862587698
459,39,7,6,3,4,285,40,3,-0.6422989885190042,0.4127671309547907
460,20,5,6,2,3,195,32,3,-1.975120499293814,0.4025005957262684
461,27,10,5,8,4,228,32,2,0.10993546507704266,2.4614970131590934
462,65,6,10,3,7,275,30,0,0.8358535181283343,-0.9045698985048702
463,35,5,7,4,1,106,49,3,-1.516918820620739,0.7495683887364925
464,33,9,10,9,2,21,13,2,-0.01799277961730381,2.5746211190813195
465,31,6,8,3,4,64,1,3,-1.0515908112599242,0.3954459806930971
466,70,8,7,5,8,165,34,1,1.7878026746735591,-0.290512921792681
467,42,2,5,4,6,27,15,3,-0.6426588805127204,-0.7281371709925154
468,34,9,1,9,6,311,44,2,0.7694105553129508,2.0565969944839986
469,47,5,5,1,3,285,14,3,-1.1560649687598605,-0.4971504795783773
470,53,7,10,1,9,148,29,0,0.6319757146214834,-1.1324420001224547
471,21,10,2,5,3,281,34,2,-0.8223825713513911,2.102358554282768
472,51,1,5,1,10,326,18,0,-0.09110327037536807,-2.401588221396049
473,42,10,5,7,1,319,7,2,-0.12624765279476063,2.2815121004277232
474,41,5,2,3,1,164,29,3,-1.5027876460396277,0.4131538930809308
475,70,10,5,7,6,224,31,1,1.9404470865130414,0.8663372617783586
476,44,2,4,5,3,272,25,3,-1.0457536071348064,-0.12032681791972448
477,41,6,1,5,3,146,38,3,-0.6418525286051961,0.7925504210669111
478,41,1,3,5,2,356,14,3,-1.5086693072025799,-0.09798590615403102
479,68,3,1,2,7,30,8,0,0.29710432345472704,-1.7420224308242622
480,71,5,5,5,6,45,27,0,0.9825479230135791,-0.6258568688009927
481,61,4,4,3,10,275,2,0,0.9889825701334506,-1.5854885084634605
482,25,3,7,3,2,34,17,3,-2.1034988054067183,0.22882056127275768
483,34,10,5,10,2,141,37,2,0.2663605925940448,3.0188597551122553
484,73,5,10,2,8,318,14,0,1.0427465409382666,-1.6769810829804228
485,62,8,4,6,10,221,25,1,2.043485887704227,-0.12140107723804461
486,56,4,2,5,6,356,30,0,0.2709188905066446,-0.42553292271599913
487,52,1,4,4,7,22,29,0,-0.21308510962022678,-1.3173478118702768
488,27,7,2,2,5,180,20,3,-1.0684110801946085,0.3814777758515354
489,72,8,8,5,10,329,21,1,2.287390958175576,-0.6322756864399214
490,63,3,3,3,6,231,22,0,0.08310132657532542,-1.2648756127330705
491,63,6,9,1,10,38,35,0,1.0615494855139769,-1.7216526410002162
492,24,2,4,3,5,70,37,3,-1.6774845558089773,-0.3492112135460978
493,58,7,6,3,10,116,16,0,1.3039296995046143,-0.9165362249343613
494,23,8,10,6,2,239,49,2,-0.9954822077004719,1.9474002182502723
495,25,6,5,2,1,335,43,3,-2.08341762387137,0.770543219484358
496,64,6,10,1,10,148,17,0,1.1073921329700362,-1.7550746342287293
497,51,5,1,3,10,9,16,0,0.7308779792897058,-1.1051967582382223
498,71,8,9,5,7,288,2,1,1.6343341584412696,-0.1905527399893135
499,49,1,1,4,1,50,4,3,-1.6021640013976992,-0.3678622132347382
500,66,10,8,5,8,338,21,1,1.9215499013642166,0.20870854013965723
501,54,4,9,5,7,5,39,0,0.4713513714148761,-0.5736153925553783
502,74,4,9,1,6,343,34,0,0.3586495241303371,-1.839755074140099
503,59,3,1,5,10,126,30,0,1.0703342324037715,-1.2624804173543356
504,71,3,2,5,6,75,6,0,0.6839914289250849,-1.0076992140721832
505,35,4,1,5,1,165,17,3,-1.5491226063143433,0.8209233883453934
506,32,1,10,4,6,278,39,3,-1.0972326920997584,-0.7193864754294451
507,69,2,2,1,6,324,25,0,-0.15983954602525322,-2.0626418813951766
508,61,9,10,5,8,300,5,1,1.621944037351874,0.11558469457178171
509,49,10,8,8,1,290,5,2,0.316365671354897,2.305757106009401
510,38,2,5,3,3,77,20,3,-1.5735197369988474,-0.4280383467847332
511,36,5,7,2,5,298,16,3,-0.9636644083917696,-0.29300808034982123
512,38,9,2,5,3,137,41,2,-0.33618606044723254,1.469657132722463
513,47,9,8,6,5,106,37,2,0.6245768696308418,1.1358305174039958
514,74,8,6,10,10,95,40,1,3.1361407922851097,0.46140426798616274
515,45,1,8,4,3,135,9,3,-1.2662636680736368,-0.6069461560283292
516,56,1,1,3,7,68,5,0,-0.25351658509843367,-1.6195360335746223
517,45,9,1,7,4,147,42,2,0.43673388056121687,1.6105644933270777
518,72,8,7,7,6,159,2,1,1.761417870976266,0.3931876456707843
519,42,10,8,10,6,163,9,2,1.4210657657827148,2.22610953728308
520,28,9,3,8,4,341,43,2,-0.007421126330945267,2.2493854894846637
521,31,7,5,5,1,189,36,2,-1.2521761407596386,1.4988343807236484
522,72,3,1,5,6,339,22,0,0.7112727539547439,-1.0248123510477913
523,20,3,7,2,5,95,22,3,-1.8193706987264098,-0.29503266836739866
524,20,2,5,5,1,181,22,3,-2.331144265553324,0.7610135227199454
525,66,5,8,5,6,288,34,0,0.8275799754388836,-0.5239823276700466
526,53,3,8,3,8,322,29,0,0.18106842001583257,-1.3360453086613926
527,51,6,9,3,9,187,38,0,0.7318886993182044,-0.8257427652662349
528,73,2,7,2,8,138,46,0,0.6088327916253253,-2.261976243076888
529,67,3,1,1,6,130,33,0,-0.10688692449972456,-1.8007995082393284
530,44,5,3,2,6,194,18,3,-0.4996993384001477,-0.6040674918188299
531,59,1,8,2,10,316,7,0,0.3880720400171486,-2.4026107809164317
532,64,1,3,4,8,273,1,0,0.424969888982432,-1.7539407681268855
533,72,10,8,10,8,352,33,1,2.9351090028715876,1.1850093779045938
534,20,9,1,8,2,144,1,2,-0.7356619885033168,2.7509080728707205
535,35,7,5,2,1,16,24,3,-1.5824405062183315,0.7210203832890255
536,58,1,4,2,10,302,4,0,0.31438740892148903,-2.344725503308561
537,24,8,5,6,3,245,4,2,-0.7967317026220642,1.8213681906221408
538,41,3,8,5,3,107,18,3,-0.9829596657861362,0.12601097970592168
539,48,8,10,8,5,88,27,2,0.8620177966957405,1.3422637725746762
540,74,5,4,2,6,129,43,0,0.6064409100988267,-1.3702488730071023
541,22,1,4,3,2,341,32,3,-2.51174125822379,-0.07721908869225103
542,31,7,3,3,3,4,33,3,-1.1712286870030268,0.7809075393089666
543,45,5,7,5,2,327,28,3,-0.7838696964805549,0.5809373802330127
544,35,6,3,5,6,306,42,3,-0.2168876489313035,0.5032371459513704
545,70,6,3,1,9,95,41,0,1.0532075970332413,-1.708062424797593
546,56,8,10,5,6,209,36,1,0.8865932011100333,0.3218429115734774
547,41,9,5,5,4,225,6,2,0.009933706822494285,1.2278545498785902
548,48,2,5,5,4,348,16,3,-0.6816331760486204,-0.3710881096127529
549,33,9,6,9,4,321,34,2,0.3620682253329939,2.324165625270463
550,47,10,8,9,1,47,23,2,0.4020791356792217,2.581873481888983
551,24,9,10,7,1,181,42,2,-0.8733173543246717,2.492403316807279
552,66,10,6,9,10,106,24,1,2.955521975981087,0.8442691727777359
553,68,10,1,7,7,199,49,1,2.0387922940760714,0.8079535013299565
554,49,7,8,1,2,106,13,3,-0.9929763270871971,-0.02430666135297466
555,65,1,8,1,10,280,18,0,0.44860652066426027,-2.7797974172042554
556,71,7,9,1,10,260,13,0,1.4894026306812973,-1.7206403469914275
557,24,10,9,10,6,108,49,2,0.7722306746244502,2.6727712809937194
558,31,5,2,2,4,19,37,3,-1.401469470573615,0.015638488951077768
559,35,6,2,2,5,296,43,3,-0.9112724454761821,-0.02381555979022408
560,45,10,3,8,3,306,39,2,0.540898070120558,2.1645263007332396
561,45,7,1,4,2,171,42,3,-0.7276765901209048,0.8105883329668155
562,67,5,4,4,10,331,17,0,1.5025491796250956,-1.30835983857509
563,40,7,4,2,3,195,15,3,-0.9917275864141375,0.3197637795885082
564,58,9,9,10,8,12,18,1,2.2971646014603126,1.3274480463817167
565,55,3,9,2,8,195,23,0,0.10463561690470782,-1.6203161126674266
566,52,8,9,8,8,283,30,1,1.6247605551586242,0.8247381308178863
567,49,2,10,4,6,182,34,0,-0.34032167074670583,-0.9457822673392025
568,56,7,7,5,9,305,4,1,1.3491694369506333,-0.28145642834743895
569,42,2,2,4,3,144,3,3,-1.296276338856968,-0.2790640771381583
570,29,4,10,5,4,316,7,3,-1.05919309814805,0.4745291163446856
571,73,7,5,3,9,182,18,0,1.6344870070327524,-1.1458586701804856
572,24,3,4,2,3,30,42,3,-2.118148387197672,-0.08856643807961738
573,55,2,8,4,7,84,7,0,0.06908074918559808,-1.2226154048569946
574,53,10,2,10,8,166,40,1,2.184747296978063,1.714019683602461
575,71,7,6,2,8,284,6,0,1.203214434048642,-1.1875226106199435
576,50,1,5,2,6,281,22,0,-0.8031951194143805,-1.5845929979851952
577,29,8,2,6,3,96,1,2,-0.6417637550473688,1.719493649491195
578,38,3,10,3,2,266,4,3,-1.600351000609949,-0.12412106943338841
579,51,2,1,1,6,298,46,0,-0.8272359596099179,-1.5996712814316318
580,20,3,8,4,1,296,49,3,-2.32678246349932,0.7141218074904019
581,24,5,2,1,4,225,43,3,-1.8162408110836723,-0.03306980100995769
582,64,8,7,5,9,333,29,1,1.7770225821179535,-0.28044413433865023
583,23,10,9,5,2,361,21,2,-0.8928857952748213,2.1362790303518127
584,35,7,9,2,5,42,26,3,-0.7109505617593345,0.12225625814988274
585,43,7,8,5,1,303,14,2,-0.7855903222057284,1.171160315119563
586,35,7,10,2,4,246,9,3,-0.9102617254476836,0.25563843318176355
587,74,8,9,6,6,208,47,1,1.6942657290783412,0.10076241353829785
588,21,1,2,1,2,237,12,3,-2.8845394405131355,-0.4868051586882055
589,68,4,6,2,7,22,42,0,0.4788648847451744,-1.5796417566312506
590,47,6,4,1,5,185,6,3,-0.6128047249455154,-0.5689164429433172
591,51,9,4,10,10,242,20,1,2.412011041497396,1.2620199364117373
592,46,2,5,5,6,363,24,3,-0.3375734987312405,-0.603626185725298
593,39,1,3,4,2,283,27,3,-1.7406307164983412,-0.27303202162536977
594,43,10,1,5,4,41,38,2,0.18129228967985916,1.4130899470055527
595,31,2,8,5,1,336,8,3,-1.901120433242273,0.45860702221792077
596,69,7,5,4,8,162,1,0,1.4384846739698096,-0.6776705609384495
597,54,3,3,3,10,160,49,0,0.5884107499957895,-1.6036139394478575
598,52,10,10,5,8,89,49,1,1.4282434163905888,0.5461455953156016
599,52,2,7,1,9,322,24,0,-0.10921453138321088,-2.098475224767407
600,70,7,7,3,10,12,47,0,1.751954195632124,-1.2279014342855417
601,62,2,1,3,8,73,7,0,0.3098044124847174,-1.7095252125200453
602,56,3,9,1,9,76,19,0,0.19095199123907292,-2.012701526603281
603,31,7,2,3,1,346,22,3,-1.5976929980193253,1.0721351737520857
604,22,4,5,2,4,201,35,3,-1.8380426183441938,0.01543047566499233
605,20,1,5,4,6,10,30,3,-1.5823798330800682,-0.37540355357245475
606,52,5,8,4,10,352,29,0,0.9912420308350088,-0.9619640745499902
607,59,9,8,8,7,226,22,1,1.7981792279683362,1.0007090212135217
608,29,8,7,6,1,176,11,2,-1.0125440987844665,1.961794715175599
609,62,9,7,7,8,276,20,1,1.9483389135752196,0.5659429051999986
610,63,10,6,9,10,39,29,1,2.84583601725251,0.920071868083918
611,48,9,6,7,2,60,41,2,0.17563949555269667,1.7770628637052999
612,32,7,9,1,4,66,42,3,-1.1880657821995044,0.11401431093893781
613,31,4,6,4,2,321,34,3,-1.5992128571282733,0.5141036592875803
614,50,5,2,3,5,124,1,3,-0.33936247024769883,-0.3804006054709481
615,65,1,2,5,10,164,31,0,1.0282723006252323,-1.8285458657437001
616,21,1,5,1,6,159,30,3,-2.022330157267339,-1.0774148557008958
617,70,3,4,2,7,57,48,0,0.39807027958004554,-1.817020845407741
618,69,8,2,6,9,78,18,1,2.072266644076292,-0.14042857354123103
619,54,2,3,5,7,194,17,0,0.1449528936867816,-0.9309944534472117
620,42,4,7,1,5,285,38,3,-1.038487182969105,-0.8733475314629194
621,36,2,8,4,5,15,14,3,-1.042780639231824,-0.45945846160117554
622,45,5,6,3,3,12,23,3,-0.9022334064122924,-0.0036072861497882134
623,27,9,5,5,6,101,25,2,-0.08475045077443558,1.2985272549907734
624,48,1,1,2,3,156,15,3,-1.5392172114575464,-1.0768303458002642
625,45,5,8,5,1,340,46,3,-0.983180860168904,0.7143195552648934
626,29,9,3,9,5,125,22,2,0.3965701216235061,2.3081625668997305
627,45,1,6,3,3,359,3,3,-1.4436624273100802,-0.8162185454508845
628,53,9,3,9,7,280,19,1,1.691241441255224,1.418667798133608
629,70,8,7,9,9,110,44,1,2.631744246815281,0.47027545775082613
630,60,4,7,1,7,334,34,0,0.03681221920545811,-1.6112369096166779
631,26,10,9,8,4,357,35,2,0.11049612368698386,2.4541468657553445
632,23,5,5,3,3,146,1,3,-1.7158777649683938,0.5604335742219989
633,72,5,8,1,6,216,21,0,0.41160214565586584,-1.577912700984251
634,69,6,10,4,7,162,29,0,1.140938899909814,-0.7800589132376528
635,64,7,10,1,7,128,6,0,0.6169739134898359,-1.1273120099284557
636,30,8,8,10,2,314,37,2,-0.12275987918668549,2.6891611014905927
637,48,8,1,5,4,332,1,2,0.09338771044526101,0.8804464918447013
638,55,2,5,5,8,150,1,0,0.40866802725759005,-1.1141074779605105
639,44,9,3,8,2,36,27,2,0.16038700375170292,2.1281776541683595
640,40,7,1,3,2,173,21,3,-1.0693239581452436,0.7113449128016588
641,55,4,4,3,6,22,16,0,-0.06475664692990077,-0.8677367052177638
642,29,4,8,4,6,206,44,3,-0.8194082075813951,-0.017816479394536004
643,56,8,3,9,6,127,40,1,1.4569783198578055,1.281248891160485
644,28,4,10,2,3,336,26,3,-1.7808592197225876,-0.035410452421300906
645,43,6,2,1,6,356,16,3,-0.5690221674418031,-0.5930739294405029
646,54,5,9,5,8,217,28,0,0.8153004515408722,-0.5119991808884374
647,68,3,10,4,10,96,1,0,1.3240806226982615,-1.788859602086414
648,54,10,5,5,6,164,36,1,1.0377804330072085,0.819455812060409
649,67,2,7,3,10,148,10,0,0.9654819607813119,-2.1678628131057303
650,55,9,2,6,9,18,43,1,1.6957560919007109,0.4164701527128922
651,37,10,9,10,5,294,17,2,1.0389446708800698,2.485829537825264
652,68,9,9,7,7,195,23,1,1.9776803285572258,0.5395652614930628
653,58,1,4,4,10,151,7,0,0.6320622825415755,-1.8935630119576405
654,51,10,4,5,8,123,44,1,1.335997462868529,0.620339729176377
655,43,3,6,4,4,187,7,3,-0.8786426276353123,-0.27533314307908807
656,42,8,10,5,6,149,44,2,0.37472539371000513,0.6755888230023266
657,51,6,10,5,7,104,15,0,0.6416605843483927,-0.09966149572510064
658,56,5,10,2,10,243,34,0,0.8383764246127593,-1.530505682562058
659,31,5,6,5,4,231,46,3,-0.887834515290685,0.6597645134716481
660,68,6,1,5,9,206,45,0,1.5968720493612956,-0.7388934556387263
661,74,7,9,4,7,198,4,0,1.4498254251353568,-0.6950894957962297
662,32,1,2,2,5,337,14,3,-1.6977446803269947,-0.9637769386104125
663,42,9,5,5,4,87,14,2,0.046495693065353456,1.2025869847765296
664,44,3,9,1,4,142,16,3,-1.2907509681829825,-1.0018077295868866
665,54,4,4,3,6,317,7,0,-0.10131863317275991,-0.8424691401157031
666,60,10,3,10,9,199,32,1,2.658553686792826,1.3874556966032507
667,49,1,7,1,1,46,19,3,-2.022992344548628,-1.0935325190198333
668,36,10,6,8,5,288,2,2,0.6568658273775242,2.084397895955762
669,68,3,8,5,10,15,10,0,1.4643567370819044,-1.546969500158049
670,39,2,3,5,5,44,17,3,-0.8206605497592039,-0.26890777059963517
671,67,2,5,5,8,169,37,0,0.8474118621718998,-1.4173182591852382
672,44,1,10,2,5,310,12,3,-1.184755555707084,-1.33222314484676
673,41,8,4,5,4,44,6,2,-0.1347042096151528,1.0328561631797686
674,32,3,4,4,6,98,22,3,-0.8822021489300651,-0.2641542770201822
675,38,3,4,2,2,261,32,3,-1.8148724046991926,-0.3007757463501336
676,68,6,10,3,6,109,41,0,0.7369476519553627,-0.8388359906527192
677,55,8,8,8,8,283,20,1,1.7251658526740017,0.7570898636381567
678,31,9,6,10,5,343,1,2,0.6563735145588679,2.4587453979917115
679,60,9,3,8,10,104,47,1,2.414113382849842,0.5916037872687233
680,38,4,10,4,6,256,6,3,-0.47178900896926246,-0.26153342156598697
681,31,5,5,5,2,206,19,3,-1.3142988263069832,0.950992147914767
682,28,2,6,4,2,335,18,3,-1.9796133263057447,0.18360072494321422
683,26,9,5,10,3,43,6,2,0.04709927232827372,2.8763108579451337
684,47,8,6,10,1,353,45,2,0.27164073961397084,2.4174579541667995
685,33,3,8,1,6,245,33,3,-1.285029828264535,-0.9987832916544331
686,50,9,7,8,5,287,23,2,1.0426570407663054,1.5193447415751864
687,71,3,5,5,8,355,23,0,1.1290170623677833,-1.315235704768207
688,38,9,10,8,4,273,26,2,0.4231633645900469,1.93962884157889
689,66,2,6,3,9,83,13,0,0.7110474884237036,-1.9929042167188837
690,35,10,4,7,3,110,7,2,0.025721432095123457,2.183466277951934
691,72,9,9,9,10,190,15,1,3.0673786218533956,0.4650476829607406
692,24,8,4,5,3,288,44,2,-0.9648498006453075,1.6039413730731333
693,54,9,1,5,10,251,27,1,1.6996678325361574,0.0827742971076122
694,31,5,7,2,2,212,26,3,-1.7722498143107126,0.2579395546354818
695,44,2,7,5,3,291,33,3,-1.017911623495206,-0.14479010229908196
696,71,8,4,8,10,133,15,1,2.690218637510046,0.10235332819432952
697,40,6,3,5,3,201,36,3,-0.6598531924216551,0.8015091299160668
698,55,8,8,6,8,285,45,1,1.4074909790539154,0.30592737228723665
699,72,5,5,5,10,326,27,0,1.8534772088626346,-1.217270846536386
700,42,10,10,9,5,95,5,2,1.0721978264975225,2.1257560385130483
701,35,2,7,2,1,278,2,3,-2.240665459914166,-0.31105254709024976
702,58,6,4,1,8,325,33,0,0.4151525984305825,-1.271469468540984
703,64,5,4,4,9,219,16,0,1.1842713959949691,-1.091020540110575
704,72,5,8,2,8,89,23,0,0.9876232322690073,-1.6354046616254572
705,61,1,8,3,8,72,38,0,0.2028497995098118,-1.9444914591284261
706,58,2,2,1,10,247,16,0,0.2723459049094927,-2.350845077905842
707,33,8,2,7,3,129,14,2,-0.3366783732658889,1.8440046347584125
708,50,3,3,1,6,212,29,0,-0.70987936820193,-1.387559757757202
709,24,10,3,8,3,343,26,2,-0.22690364097948412,2.6951451678765137
710,54,3,1,4,9,96,35,0,0.5200950394778835,-1.220187234361159
711,42,8,3,9,5,75,15,2,0.7365186875562281,1.7765314057476675
712,48,8,6,7,3,54,3,2,0.2488740652297987,1.4323734457216926
713,62,2,8,1,7,344,23,0,-0.1514976575445174,-2.0762320975978
714,30,8,10,8,1,54,29,2,-0.6304652552819208,2.363226357045101
715,37,1,6,2,4,218,34,3,-1.6864039291614474,-0.9811958734681925
716,66,6,5,4,8,16,33,0,1.1934414600167853,-0.8050206804575417
717,31,8,4,6,2,99,41,2,-0.7586702850367992,1.7941862661925019
718,28,3,3,1,3,20,41,3,-2.1400185402494785,-0.40706351603686786
719,29,8,4,8,3,46,23,2,-0.30552755900088224,2.15434728458921
720,63,1,7,4,10,193,7,0,0.8427141973954715,-2.0443641218473014
721,36,9,1,5,5,58,3,2,-0.00140704434305277,1.2452734847363702
722,57,9,7,8,10,111,32,1,2.341550068974065,0.6347887700690956
723,26,5,1,2,2,129,31,3,-2.010743712804209,0.4332039489044999
724,65,10,2,8,8,337,18,1,2.3058162582722863,0.9596464110268128
725,32,4,4,3,1,194,43,3,-1.9486414550234068,0.42110030792129777
726,59,6,1,5,9,340,7,0,1.2678141731755632,-0.5114853697201802
727,61,7,9,2,10,326,41,0,1.2826202050627489,-1.2423834502953606
728,28,5,6,3,5,8,1,3,-1.1066035227377997,0.14286811426857673
729,69,10,1,10,8,29,14,1,2.7604584156506093,1.317893070095943
730,46,9,1,5,3,112,32,2,-0.052970831717559445,1.27567104003243
731,21,3,6,2,2,161,6,3,-2.4178648484013983,0.11246400413199281
732,24,7,4,5,2,131,39,2,-1.3087988807713036,1.5423251614061926
733,48,10,4,10,5,188,10,2,1.3947232134855199,2.248658462334859
734,56,10,6,9,8,163,7,1,2.1727184637493977,1.3800180301150093
735,57,5,7,1,6,197,26,0,-0.1461083092002216,-1.1907447963268885
736,38,7,9,1,4,364,34,3,-0.9686938647423494,-0.03759107967342618
737,27,2,10,2,3,204,30,3,-2.0881357164143406,-0.41644851696978824
738,67,4,5,4,8,212,36,0,0.9592889358107505,-1.2365938752101504
739,64,2,9,1,7,109,21,0,-0.06909302384559902,-2.1349216559283737
740,20,7,4,4,4,276,17,3,-1.196700612749685,1.1347409698223085
741,41,2,10,3,5,73,33,3,-1.0002468224011714,-0.827686389039844
742,71,1,2,5,8,167,10,0,0.8304605682792893,-1.6970780500393978
743,36,9,3,8,5,260,47,2,0.49366658851347694,1.9057083655098457
744,26,1,1,5,3,243,42,3,-1.8670685983703184,0.15579982347145077
745,44,8,6,8,5,275,12,2,0.6786472068715035,1.4759517454887288
746,64,2,6,3,9,102,16,0,0.6379235159379852,-1.9423690865147623
747,23,8,1,5,2,173,41,2,-1.237845595429316,1.7952088257128844
748,55,3,3,3,9,171,32,0,0.4163809113370996,-1.487344901391585
749,25,6,5,1,6,141,15,3,-1.1992959361736675,-0.16272104198276818
750,50,3,3,1,1,188,27,3,-1.7528384927096756,-0.679876741965536
751,38,7,10,5,2,86,28,2,-0.7412471060920748,1.1396526812186283
752,63,10,3,10,9,52,17,1,2.768239645521404,1.3116530012970686
753,73,9,10,7,6,111,46,1,1.9611790960831723,0.5466096110146402
754,58,2,3,4,8,342,2,0,0.3409552267497241,-1.3991825626892476
755,46,5,5,3,3,43,36,3,-0.8749520813826334,-0.020720423125396393
756,29,6,5,5,5,211,7,3,-0.6262900688636074,0.7800702834691629
757,45,4,4,1,2,200,13,3,-1.582418682584775,-0.5000771329147444
758,38,4,1,5,3,298,15,3,-1.0222529977826675,0.462047486722545
759,58,4,5,2,7,346,25,0,0.10396436110338274,-1.3188116774841914
760,22,2,10,2,3,240,23,3,-2.2709456476286367,-0.29011069145948487
761,64,4,5,4,10,115,22,0,1.2667866268852714,-1.4438643862206348
762,32,1,4,5,4,26,26,3,-1.411262872372014,-0.16180545467860374
763,69,6,6,4,10,299,33,0,1.729591729761661,-1.1720510102068424
764,47,1,10,4,1,77,11,3,-1.5917620229646166,-0.3907169361686891
765,39,10,4,6,3,137,10,2,0.013131940256516877,1.8568147718682315
766,47,6,7,4,1,20,25,3,-0.942817730481982,0.6495104223370386
767,27,1,7,2,1,211,37,3,-2.6685186050814864,-0.31206484109903854
768,60,6,2,1,7,240,48,0,0.2611234235883515,-1.1641591393338673
769,58,10,3,9,8,39,43,1,2.2180004525955157,1.3539461842902454
770,20,8,1,8,1,268,38,2,-1.079611068629313,2.6892918612037797
771,22,2,8,2,4,207,41,3,-2.0809151451534875,-0.4153384383649132
772,32,2,9,3,1,267,45,3,-2.1729526594063002,-0.025977462361512653
773,47,4,4,4,4,154,24,3,-0.615598749865829,-0.15694173240915182
774,68,3,6,1,7,42,40,0,0.18467019271068424,-2.008375817131985
775,44,4,9,1,1,11,46,3,-1.781169187663183,-0.3740451052866127
776,52,7,6,3,10,294,33,0,1.0845577820474595,-0.7649308343219973
777,57,1,9,2,7,98,17,0,-0.30154674596001685,-1.9356202693637627
778,72,6,4,4,9,275,24,0,1.6121245411622893,-1.0900082461017864
779,25,3,8,2,2,230,37,3,-2.253055581003561,-0.004915112529154888
780,63,10,9,5,6,220,2,1,1.4039609540457412,0.5594300136360532
781,64,7,4,2,8,65,32,0,0.9287192079222275,-0.994340798652614
782,51,10,5,5,8,355,24,1,1.345278124081729,0.6121853010499245
783,64,2,8,2,9,232,9,0,0.4976474015543423,-2.1842591884431277
784,66,2,10,3,9,328,4,0,0.748170133276504,-2.0255219292246935
785,40,4,6,5,6,52,17,3,-0.2769502445263014,-0.053869593588838326
786,35,1,7,3,6,263,17,3,-1.1742261538208243,-0.9963071320317299
787,73,3,3,3,8,267,48,0,0.8659048388070151,-1.8006244700703433
788,40,9,7,9,4,359,30,2,0.627282790246208,2.139138241429586
789,30,7,8,5,2,317,40,2,-1.0523043184613483,1.3581020582880186
790,56,7,10,4,10,324,11,0,1.4267658086817396,-0.6730375615605897
791,55,4,6,4,10,154,21,0,0.9470094119127391,-1.2246107284285412
792,54,2,10,3,7,358,21,0,-0.1077573514409041,-1.439237941683299
793,38,4,9,3,5,140,18,3,-0.8484989318940549,-0.33742363595666147
794,39,6,6,1,1,51,29,3,-1.721106592068185,0.18306163425359617
795,37,3,9,1,6,117,24,3,-1.1295012220798983,-1.1080079801891283
796,66,1,4,4,7,46,10,0,0.2987826977798014,-1.671093723299126
797,60,8,8,10,9,309,45,1,2.4342424824099327,0.9403779263204404
798,68,5,4,4,7,88,17,0,0.9133356911633075,-0.9090175942021513
799,33,5,2,1,3,208,18,3,-1.695774759799489,-0.11894128377017048
800,34,4,10,1,4,269,42,3,-1.5117329141739269,-0.5541336918674583
801,50,6,9,2,3,89,48,3,-0.7150616731439926,-0.17683682688963498
802,20,3,5,2,6,118,20,3,-1.6293401962512606,-0.42026041527282687
803,72,9,4,5,9,54,37,1,2.1770337436456733,-0.2549685559505041
804,73,5,2,2,10,116,45,0,1.385684901035764,-1.8948188642854695
805,73,3,1,5,7,118,18,0,0.9564265650991521,-1.1916165193081854
806,22,1,7,4,6,260,17,3,-1.4906945381679502,-0.442247540029481
807,35,10,6,8,1,75,9,2,-0.21406345847153146,2.6758118736911554
808,42,6,2,1,4,305,14,3,-1.0227678034877605,-0.2847331580217756
809,30,2,8,3,4,7,49,3,-1.6295818184005713,-0.39189771350593844
810,31,3,4,1,6,122,29,3,-1.3952764456030537,-0.915630448944502
811,29,1,8,2,6,11,31,3,-1.5431548468748222,-1.0784374152212783
812,51,9,7,10,8,348,4,1,2.0226693753338982,1.5206298583490463
813,35,8,5,7,5,215,18,2,0.18147123266252788,1.4859330138582671
814,27,2,10,2,3,279,20,3,-2.0881357164143406,-0.41644851696978824
815,57,8,10,9,8,28,47,1,1.9756885843961633,0.9158271228565906
816,31,9,8,6,5,235,43,2,0.03958508974509536,1.5401115590369663
817,43,1,9,5,1,313,44,3,-1.5884531923392102,-0.05591100195853393
818,47,5,5,5,3,26,9,3,-0.5207152215196879,0.40517450312346315
819,72,8,10,10,8,54,13,1,2.6829558148490937,0.7623948920011405
820,27,2,5,2,4,29,15,3,-1.9259471975787918,-0.5172129794958592
821,47,4,2,2,5,353,27,3,-0.7432431210107664,-0.7333319706655003
822,55,7,5,5,7,164,15,1,0.8768624784782758,0.0431931993241931
823,45,3,3,3,1,270,28,3,-1.617973550303885,-0.10237642510431254
824,27,5,7,5,1,334,37,3,-1.6505772737535689,1.177290155228438
825,69,8,10,8,10,35,19,1,2.672778632303528,0.10396188963973618
826,47,10,5,9,6,286,26,1,1.4171962765473671,1.8986537504766743
827,47,3,8,3,6,348,26,0,-0.4554871472444205,-0.9013667117323624
828,56,4,1,4,9,273,25,0,0.7285762671880487,-1.0675695497400064
829,60,9,3,5,9,208,26,1,1.7290092475181635,0.05639665340067637
830,55,7,3,1,10,238,26,0,0.8487268835163502,-1.267432736599742
831,46,1,9,3,4,93,46,3,-1.1706666325260717,-1.0074859980906359
832,73,4,5,5,6,173,28,0,0.9203146402748503,-0.8795448138303881
833,36,4,9,2,1,79,49,3,-1.914827640796013,0.05367666120533266
834,28,9,9,7,2,110,18,2,-0.527758245664886,2.2579508813671554
835,52,6,1,4,10,217,32,0,1.061634657567055,-0.7017302628395489
836,72,9,2,8,8,358,3,1,2.4263929067478536,0.5796206404871143
837,39,6,5,1,6,106,2,3,-0.6874281287736395,-0.5164669534116175
838,32,6,4,4,3,47,33,3,-1.1019058579613714,0.7699139769306396
839,47,5,10,3,2,181,42,3,-1.0005786139753228,0.054776474298613764
840,67,5,9,4,7,64,19,0,0.9231770109864488,-0.924522169732353
841,48,2,7,3,4,246,17,3,-0.9807467272423066,-0.838559457216578
842,32,8,6,6,2,244,44,2,-0.7035469763675399,1.7526098448375362
843,65,8,7,10,7,320,33,1,2.19058810260793,1.105267735253256
844,54,1,1,1,8,87,12,0,-0.4357236063026892,-2.1616999978797544
845,25,8,1,8,4,217,49,2,-0.27102566271036993,2.138344226218477
846,37,5,8,3,2,7,3,3,-1.3847597988303144,0.3237609815721254
847,70,2,2,5,7,278,43,0,0.7206640123593279,-1.3271210669537297
848,24,2,10,1,4,337,49,3,-2.148067287051412,-0.7077636704973996
849,66,6,9,2,10,210,26,0,1.3300728810525977,-1.571874090630938
850,44,9,7,7,4,169,35,2,0.4558558615975583,1.5869054896704236
851,21,1,6,2,3,330,8,3,-2.479987533948743,-0.43537822867688847
852,29,6,1,2,5,138,36,3,-1.1399250241465373,0.13594425894859252
853,49,9,1,10,6,306,7,1,1.4766777857658813,1.9031647636285487
854,69,8,2,8,6,230,46,1,1.764166042991731,0.7353437272846887
855,64,6,6,4,9,308,46,0,1.3381899736458163,-0.904176581538206
856,24,3,6,3,3,161,36,3,-1.9407496279612284,0.12070595134293773
857,74,8,2,9,10,1,16,1,2.940180710622266,0.26844073481651254
858,52,9,1,7,9,236,24,1,1.7356269087689766,0.7260085218209869
859,73,1,10,5,7,188,1,0,0.7692380055690591,-1.6713120020968055
860,20,9,5,6,4,4,49,2,-0.5990305674675046,1.9840546626973243
861,37,6,5,1,1,132,25,3,-1.8035112257671033,0.24175119258416994
862,51,6,2,3,9,218,10,0,0.6669240708258037,-0.7686617683810676
863,66,4,6,3,10,260,16,0,1.1903538237741467,-1.7281351902266688
864,68,1,9,5,10,1,16,0,1.2029228878462106,-1.9614295579350494
865,30,10,2,6,4,71,8,2,-0.12589543345406662,1.9589951108813488
866,40,8,10,6,5,178,29,2,0.2518470331327809,1.0932418020402415
867,45,2,2,5,2,189,39,3,-1.2363447682198965,0.01225107638945294
868,44,1,3,2,6,291,28,3,-1.0411283592979355,-1.4166787511199261
869,41,2,7,4,4,8,6,3,-1.0778431941322775,-0.4361052558266932
870,46,1,6,1,2,253,16,3,-1.9333671395888565,-1.151111998745532
871,68,1,8,3,7,292,20,0,0.2501918783082769,-1.9798278116845176
872,32,9,8,5,3,244,16,2,-0.49987401062518694,1.5723359545761122
873,52,1,6,3,9,123,7,0,0.0638224257992284,-1.8423111201153084
874,53,4,10,4,10,299,41,0,0.9110080842798212,-1.2066933107302298
875,60,10,3,6,7,283,14,1,1.6060202897495552,0.7682039202180768
876,54,6,3,5,8,32,43,0,0.8949737394861186,-0.2599197973044486
877,20,7,1,4,4,334,26,3,-1.2245425963892853,1.1592042542016658
878,40,2,7,1,4,146,26,3,-1.5909174908052661,-1.087581427751013
879,67,6,5,5,6,156,14,0,0.9716572332665894,-0.32163379356747573
880,74,7,4,2,6,16,7,0,0.8771554205477208,-0.9639432433565543
881,25,10,10,8,2,355,33,2,-0.3339688511457733,2.7543332090476187
882,47,10,4,9,1,47,26,2,0.36495649082642134,2.614491194394793
883,36,2,4,4,2,251,45,3,-1.7056787587892717,-0.002230939620366136
884,24,2,6,4,5,187,20,3,-1.500085796572534,-0.1399388241235426
885,50,10,8,6,2,31,3,2,0.2438446088792189,1.6877904463980873
886,24,7,8,3,1,260,4,3,-1.7979429344401388,1.2000815607077955
887,57,1,5,5,10,17,26,0,0.7636183943219595,-1.6508686293065722
888,22,8,6,6,1,39,11,2,-1.2777586636976808,2.146822099016476
889,72,3,4,4,7,304,2,0,0.7888691256858501,-1.416393484260942
890,42,6,9,2,3,39,14,3,-1.0075575630868658,0.0253036939268504
891,56,9,8,7,9,132,44,1,1.946839482232814,0.567857264527577
892,72,6,10,5,6,30,30,0,1.2008704705468858,-0.4887437597100414
893,56,9,10,7,7,158,49,1,1.5482171548561159,0.8346216145913384
894,29,7,1,1,5,278,12,3,-1.1634052057321336,0.11351582809840643
895,29,9,2,9,1,203,26,2,-0.44707783919589045,2.8824634076595155
896,38,2,9,3,1,66,44,3,-1.9535807419491453,-0.17758285297387666
897,36,8,8,8,4,108,33,2,0.1961208144534814,1.8033200132106422
898,40,8,3,9,2,268,13,2,0.03761924036586253,2.2516763454267883
899,33,2,8,5,3,222,14,3,-1.4108128109534563,0.12499868569713297
900,28,4,1,2,5,292,24,3,-1.4472015208382905,-0.24509380559989516
901,65,7,10,4,7,18,34,0,1.1300482101628244,-0.475835838004136
902,20,4,4,1,5,90,44,3,-1.8706928639516065,-0.2929978148382273
903,70,4,3,3,6,181,26,0,0.47439248549978635,-1.2385957536222212
904,64,6,6,2,9,255,21,0,1.02051510002573,-1.3553390728891261
905,32,10,7,7,4,253,28,2,0.15246928190769538,2.0932690857204252
906,23,6,4,1,6,257,48,3,-1.281700569872586,-0.10403148365219432
907,20,10,7,5,3,346,36,2,-0.8125412515282497,2.086853978752566
908,68,3,9,5,9,87,40,0,1.2650455733935555,-1.4135873251261681
909,59,9,2,5,6,90,2,1,1.0573911253574568,0.5144284561041892
910,51,10,3,7,8,237,42,1,1.6443916752754153,1.07965664865375
911,53,2,5,4,7,70,9,0,-0.031885206939720544,-1.1476169902735158
912,47,6,3,4,4,44,23,3,-0.35416490063013506,0.25751832536784885
913,50,7,8,5,3,200,15,2,-0.11247276870261612,0.7112141530884719
914,27,9,10,10,1,152,13,2,-0.28711908516596474,3.093344358527477
915,58,3,8,3,10,86,23,0,0.7810620010332265,-1.7454563404883625
916,45,10,8,7,5,19,17,2,0.8456475891796136,1.6150997081088512
917,53,3,9,1,6,101,48,0,-0.5445094421941519,-1.512289021822099
918,73,7,4,3,6,95,2,0,0.9994308711149049,-0.7130944325790336
919,73,4,5,2,10,254,20,0,1.2781696294509173,-2.122434963490101
920,22,8,5,10,6,357,20,2,0.39126954683703735,2.349618494053103
921,69,7,8,1,8,30,46,0,0.9898143471792803,-1.378877582344187
922,31,5,7,2,5,249,3,3,-1.1464743396060655,-0.16667025483951778
923,20,7,9,5,1,33,12,2,-1.6172353445782888,1.7441598843405057
924,73,3,8,4,9,229,40,0,1.2797374065846079,-1.7573519681854792
925,63,2,2,5,7,12,2,0,0.46473010865931386,-1.1502481112393053
926,24,6,10,4,6,118,36,3,-0.7129423059203966,0.49851811951341063
927,49,2,4,5,6,350,14,0,-0.2371682012158632,-0.6712744529050276
928,49,3,6,3,4,155,16,3,-0.8181081469882007,-0.6525197793669123
929,36,6,2,2,4,246,19,3,-1.083302284134872,0.09245347826604844
930,67,5,7,4,6,332,34,0,0.6960238636584994,-0.7666767103211148
931,66,8,3,5,10,247,44,1,2.0216157346524204,-0.4398981551952949
932,42,9,3,6,3,29,46,2,-0.021820017452552683,1.586013689863228
933,34,3,2,1,6,161,6,3,-1.3041518093008764,-0.975124287997779
934,56,10,8,6,9,235,13,1,1.9233593006472176,0.5454288336773907
935,40,3,6,2,5,190,36,3,-1.097411635082427,-0.7922295422821595
936,33,3,1,5,6,117,22,3,-0.714644709516763,-0.0393773120674254
937,21,6,1,4,3,271,18,3,-1.5319296902724222,1.0723204774326645
938,30,1,7,4,4,258,12,3,-1.6153822980281751,-0.36131485452929996
939,70,7,8,2,8,180,30,0,1.185213770232183,-1.1785639017707878
940,58,1,5,3,10,172,40,0,0.4825055069447323,-2.1272986857595533
941,57,5,5,3,7,274,7,0,0.36159706689501375,-0.8648100518813966
942,53,10,4,5,10,259,32,1,1.8263050851573455,0.28673139265558933
943,57,8,6,5,6,135,48,1,0.886032542500092,0.3291930589772266
944,69,4,6,5,8,171,19,0,1.200531006319712,-1.0697021878652642
945,53,5,3,2,7,210,6,0,0.03795036268713379,-0.9730121808957091
946,37,4,9,1,3,236,20,3,-1.6199194415600986,-0.48024535588885453
947,49,4,7,1,3,186,27,3,-1.199736929072189,-0.7671472808606777
948,34,8,1,10,4,364,43,2,0.37570708709544876,2.3620986316508508
949,46,2,7,2,1,95,37,3,-1.8384836112427154,-0.588995763212917
950,70,1,5,5,8,11,48,0,0.8217405656760303,-1.6962737693166943
951,53,3,5,1,10,68,7,0,0.2527352125592442,-2.045817721949622
952,71,9,2,9,10,210,5,1,2.965852007118136,0.5473962449479685
953,57,4,4,4,9,196,11,0,0.7929802370705081,-1.1173003992214243
954,52,10,6,9,6,98,15,1,1.609286868974863,1.7641614968399184
955,43,5,10,3,1,93,3,3,-1.3554183838483085,0.29738333786518967
956,34,2,7,3,6,22,5,3,-1.0754308848392364,-0.7678867521043952
957,49,4,5,5,5,172,23,3,-0.1657648544553183,-0.13158664822259866
958,74,2,9,3,7,134,37,0,0.6142017122030787,-1.9364348155980597
959,61,2,3,4,9,25,9,0,0.6592330103798507,-1.6165218611537628
960,70,4,1,2,9,185,15,0,0.9227692009679904,-1.8724779525197761
961,36,6,4,3,5,85,3,3,-0.6973116999968797,0.16018926453027035
962,24,7,9,3,5,55,29,3,-0.9542949736207421,0.6257807199480101
963,48,10,4,9,2,251,6,2,0.6101103019708295,2.4476870261343984
964,23,3,2,4,2,144,17,3,-2.064188647148394,0.5457090777846014
965,29,3,10,2,1,351,26,3,-2.296838138507274,0.019242373968030864
966,36,10,5,9,4,167,21,2,0.5978307780728181,2.4596701729160078
967,29,6,3,5,4,224,8,3,-0.8534432161915567,0.9379157428804009
968,36,3,9,4,5,220,21,3,-0.898142722794177,-0.26446007490235407
969,39,2,4,2,1,179,11,3,-2.1222594985823298,-0.3876595231191351
970,43,8,6,8,6,119,38,2,0.8506770455301934,1.3596827074324562
971,24,5,2,2,4,265,8,3,-1.657403374273629,0.19251144466550246
972,53,1,6,4,6,150,42,0,-0.3665536258525166,-1.2173876300669093
973,25,3,3,5,1,215,24,3,-2.0315384015409816,0.854137368287821
974,72,10,9,9,10,197,35,1,3.2027358770778425,0.6682004977860146
975,21,8,2,5,1,42,14,2,-1.5102807316033835,1.9791261309488866
976,32,4,9,3,2,53,14,3,-1.6936463240558572,0.23879156413070213
977,62,7,5,4,7,330,10,0,0.9739589453682467,-0.35926100206569167
978,62,10,8,10,8,251,12,1,2.5694891404429963,1.4376850289252003
979,67,2,2,1,10,295,38,0,0.6014037810952251,-2.578253163824388
980,30,7,6,3,6,271,44,3,-0.5541732149016385,0.3571020105566704
981,70,5,3,4,8,123,46,0,1.1857708273373748,-1.0929348994381534
982,66,5,10,2,7,339,34,0,0.5782208123367034,-1.358571524107665
983,42,6,5,3,3,266,41,3,-0.8858427711296231,0.28350265210812037
984,74,9,8,9,10,348,10,1,3.131221933125914,0.42266698088307186
985,35,6,10,1,5,29,17,3,-0.9958645925806247,-0.314632230477304
986,50,8,1,7,1,35,17,2,-0.1415889181535817,1.7056836624665
987,30,7,5,3,4,6,3,3,-0.9806375259179367,0.6483296449997892
988,73,9,3,9,6,111,31,1,2.213889341210858,1.0548530992507277
989,35,4,4,4,5,294,1,3,-0.8457507598785896,0.004732445657243027
990,27,2,2,2,2,77,12,3,-2.3709728310214904,-0.20967648879983536
991,23,7,9,5,6,349,39,2,-0.4645902613419659,0.9606741732426577
992,59,6,3,2,7,147,4,0,0.3926795353687357,-0.921464756682799
993,23,1,2,4,1,67,42,3,-2.5434949824988373,0.28094005129238664
994,44,9,10,7,6,8,13,2,0.9008814950402567,1.2793689989743997
995,22,9,9,6,5,122,34,2,-0.280192125227437,1.75936521682906
996,51,2,7,1,7,340,42,0,-0.5629601674291682,-1.7901344533486798
997,22,3,6,1,5,175,21,3,-1.9143648242639353,-0.5629946161205276
998,46,5,1,5,6,179,22,3,0.03137562208929996,0.03844997125633407
999,48,5,5,4,6,85,4,0,-0.01721519738222455,-0.27028411712905726
1000,51,1,3,5,7,45,18,0,-0.10009032026624283,-1.0583445729663037
